<configuration>
    <appender name="console" class="ch.qos.logback.core.ConsoleAppender">
        <filter class="ch.qos.logback.classic.filter.ThresholdFilter">
            <level>info</level>
        </filter>
        <encoder>
            <pattern>%date{HH:mm:ss} %-5level [%X{akkaSource}] - %msg%n</pattern>
        </encoder>
    </appender>

    <appender name="file" class="ch.qos.logback.core.FileAppender">
        <file>${akka.log-file:-akka.log}</file>
        <encoder>
            <pattern>%date{HH:mm:ss} %-5level [%X{akkaSource}] - %msg%n</pattern>
        </encoder>
    </appender>

    <logger name="progscala2.concurrency.akka" level="debug" additivity="false">
        <appender-ref ref="console"/>
        <!-- <appender-ref ref="file"/> -->
    </logger>

    <logger name="akka.actor.RepointableActorRef" level="debug" additivity="false">
        <appender-ref ref="console"/>
        <!-- <appender-ref ref="file"/> -->
    </logger>

    <root level="info">
        <appender-ref ref="console"/>
        <!-- <appender-ref ref="file"/> -->
    </root>

</configuration>
